collection;number;title
red;1;Господь, открой небес врата
red;2;Любви великой чудо
red;3;Осанна, честь и слава
red;4;Возведите все взоры на небо
red;5;Всей душой Тебя мы жаждем
red;6;Всем, кто в мире слезы льет
red;7;Возрадуйся, христианин!
red;8;У двери сердца твоего
red;9;Осанна Сыну Давида
red;10;О Иисус Спаситель, надежда всех людей
red;11;Омойте безотложно вы верою сердца
red;12;Слава Господу Отцу!
red;13;Ликуйте ныне, братья
red;14;О, приди, народов Спас
red;15;Мы ожидаем Царства дня
red;16;Врата, откройтесь! Час настал
red;17;Тебя, Христе, Тебя я вновь увижу!
red;18;Спаситель! Церковь ждет Твоя лишь Твоего явленья
red;19;О душа, воспрянь от сна
red;20;Кто там вдали идет?
red;21;Свечу в тиши ночной зажжем
red;22;Что за Дитя
red;23;О Рождестве благую весть
red;24;Богатства, власти не ищу
red;25;В бедной пещере средь темных скал
red;26;Рождественская музыка в ночи
red;27;Слава, слава Богу в вышних
red;28;Ныне все ангелы в небе ликуют
red;29;Ярко сияла волхвам ты с востока
red;30;Бог дал народам радость
red;31;Ликуй, ликуй и радуйся
red;32;От рождения Вселенной
red;33;Хвала Тебе, Христос, наш Спас
red;34;К пастырям ночью голос прозвучал
red;35;Ангела голос прозвучал
red;36;Тихий, тихий колокольный слышен звон
red;37;Когда поля под снегами дремлют
red;38;Когда встречаем Рождество
red;39;Ангел благую весть принес
red;40;Эта ночь святая
red;41;Песня Ангелов слышна
red;42;Вот пришло к нам Рождество
red;43;Хор ангелов запел с небес
red;44;Мир так прекрасен
red;45;Тихая ночь, дивная ночь
red;46;Придите к Младенцу, верные, с весельем!
red;47;О, пречудное! О, блаженное, благодатное Рождество!
red;48;С небес сошел я, чтоб принесть
red;49;Христов народ, хвали Творца
red;50;Сегодня славят все Творца
red;51;Стерегших стадо пастухов…
red;52;О, малый город Вифлеем
red;53;У яслей я Твоих стою
red;54;Во тьму веков та ночь уж отступила
red;55;Святая, радостная песнь
red;56;Царь мира родился не в царских дворах
red;57;Весть несется над землей
red;58;Радуйся, мир! Господь гряд
red;59;Как светел Твой предвечный лик
red;60;Великий Бог, рукой Своей…
red;61;О Иисусе Милосердный
red;62;Хвала Тебе да будет
red;63;О Слово вечное, Господь, всего начало
red;64;О утра яркая звезда!
red;65;Христос, Твое распятье
red;66;Господь, за нас страдающий
red;67;К Тебе взываем, Господи
red;68;Взойдем на холм
red;69;О Иисус, в Твоей крови залог спасенья и любви
red;70;Есть холм высокий
red;71;О Агнец Божий, что за преступленье
red;72;О Христос, Господь любимый
red;73;Лейтесь, слезы сокрушенья
red;74;О, кровью обагренный
red;75;Когда я поднимаю взор
red;76;Невинный Агнец вот идет
red;77;В Гефсиманский сад пойди
red;78;Честь Тебе, Иисус распятый
red;79;Невинный Агнец Божий
red;80;О Иисус, Твое в чем преступленье
red;81;О, как прискорбны, горьки нам
red;82;Есть далеко в чужой стране
red;83;О Иисус, источник благ
red;84;Ныне наш Господь воскрес!
red;85;Хотим возрадоваться мы
red;86;Я знаю: жив Спаситель мой
red;87;Ангел, с неба снизойдя
red;88;Христос воскрес, наш дивный Бог!
red;89;О, воскресенья утро
red;90;Придите, люди верные
red;91;День счастливый, день желанный
red;92;Душа моя, ликуй и пой
red;93;Ликуйте, пойте, все сердца
red;94;Христос, Спаситель наш, воскрес!
red;95;Христос воскрес! Христос воскрес!
red;96;Пусть знают все, что в этот час
red;97;Христос на смерть Себя отдал
red;98;Иисус Христос Спаситель, смертью смерть превозмог
red;99;Днесь воскрес Спаситель
red;100;Ныне день настал великий
red;101;Surrexit Dominus vere
red;102;Аллилуйя! Аллилуйя! Пойте сердцем и душой!
red;103;Горит зарею свод небес!
red;104;Хвала Тебе, Иисус Христос
red;105;Великий праздник наступил
red;106;Ты, Господь, мне жизни свет
red;107;Жив Христос, а с Ним и я
red;108;То зерно, что в землю, словно в смерть, ушло
red;109;Что стоите в изумленье?
red;110;Соединим хваленья песнь
red;111;На воскресение Христа мое всё упованье
red;112;Лишь Дух Святой влечет сердца
red;113;Дух Святой, Дух благодати
red;114;Приди, Святой Дух, утешитель
red;115;Дух Святой, небесный свет в сердце грешное излей
red;116;Повей, Дух Божий, вновь
red;117;О Дух Святой, мы молим Тебя
red;118;О Сотворитель Дух, приди
red;119;Духом Твоим, о Господь мой
red;120;Предвечный Дух, приди!
red;121;Боже, открой мои глаза
red;122;Господь великий, Свет живой
red;123;О Пресвятая Троица
red;124;Восхвалим мы Творца
red;125;Восхвалим мы Творца
red;126;Всех благ источник, чтим Тебя
red;127;Свят! Свят! Свят Ты!
red;128;Да будет Богу в вышних честь
red;129;Приди, о Боже, к нам
red;130;Господь, мы здесь с Тобой
red;131;За всех святых, что к Богу отошли
red;132;«Пробуждайтесь!» - раздается глас
red;133;Пришла пора, настал черед
red;134;Ах, не имеет Царство Божье
red;135;Жду грядущей жизни
red;136;Я сердцем в небе обитаю
red;137;Как ничтожна, мимолетна наша жизнь земная
red;138;О, день желанный, день блаженный
red;139;С миром и радостью к Тебе, о Боже, отхожу
red;140;Освяти Ты наш исход и наш вход
red;141;На небесах, лишь в небесах
red;142;У Иордана слышен глас
red;143;Итак, крещен в Твое я имя
red;144;Мы дитя свое несем ко Спасителю Христу
red;145;Чудесный океан спасенья
red;146;Кто нам всего дороже
red;147;С Христом соединились
red;148;Водой Йордана был крещен
red;149;Господи, Хлеб Всеблагой
red;150;Хлеб чудный ангельский
red;151;Все соберитесь, дабы нам вкусить
red;152;Господь нам Слово ниспослал
red;153;Святою вечерей Бог укрепил в вере
red;154;Хлеб жизни преломи, Спаситель, нам
red;155;Придите все на пир!
red;156;Христос, наш Всеблагой Господь
red;157;Боже Всемогущий, славлю я Тебя
red;158;О Господь наш и Спаситель
red;159;Хлеб небесный дал Господь
red;160;В день, когда ушло блаженство
red;161;Тело Господне примем мы сейчас
red;162;О, приди ко мне, Спаситель
red;163;Свет Невечерний
red;164;Пусть умолкнут страсти земные
red;165;Войди ко мне, о Господи
red;166;Любовью Божественной к людям горя
red;167;Смерть потерпевший на кресте
red;168;Ты, Иисус, Себя на жертву предал
red;169;В благодарности мы славим
red;170;О душа, Христом согрета
red;171;О, где найти покров от горечи грехов?
red;172;Спаситель мира, наш Господ
red;173;Один лишь Ты меня, Спаситель, знаешь
red;174;Во прахе здесь простертый пред Тобою
red;175;Ты, за нас принявший муки
red;176;Мои все прегрешенья несу к ногам Христа
red;177;Как тяжелы мои грехи
red;178;Будь милосерд ко мне, Христос!
red;179;Помилуй меня, Боже
red;180;Создал Бог человека
red;181;Боже, предстали по воле Твоей
red;182;На браке в Кане гостем был
red;183;Блажен тот дом
red;184;Господь вас Сам соединил
red;185;Крепок союз, что нас в любви Христа связал
red;186;Здесь двое пред Твоим лицом
red;187;В храме быть Твоем люблю!
red;188;Господь Иисус, пребудь средь нас
red;189;Мой Господь, в Твоем я храме
red;190;О, день воскресный радостный!
red;191;Пребудь средь нас, Господь Иисус
red;192;Бог на этом месте
red;193;Боже наш, Христе, мы здесь
red;194;Господь! Душа внимать готова
red;195;О Иисус, Спаситель наш
red;196;Звонко в храме колокол звонит
red;197;О Боже милосердный, Ты нас благослови
red;198;Ты позволил снова нам услышать Слово
red;199;О наш Спаситель, вновь Тебе поем
red;200;О, приди же ко мне, Иисус
red;201;Ночь землю покрывает
red;202;Отче Небесный, ночь прошла
red;203;Неба и земли Создатель
red;204;Землю укрывает вновь ночная мгла
red;205;С тихой утренней зарею
red;206;Покинувши сна ложе
red;207;Я устал – пошли покой
red;208;Ярким румянцем горят небеса
red;209;Пребудь со мной! Уж свет сменился мглой
red;210;О дух мой, окрылись
red;211;Ночь наступила, полна тишиною
red;212;Ночь, тихою стопою к земле сойдя
red;213;О Иисус, настала ночь!
red;214;Утро каждое милость вновь
red;215;Вечер окутал землю вновь
red;216;Зачем робеть и унывать
red;217;Даровано, Господь, Тобой спасительное Слово
red;218;Словом Твоим сильным
red;219;Открой сердца Ты чад Своих
red;220;Шел сеятель с зернами
red;221;Всевластный Защитник мой, Бог
red;222;Господь нам крепость и оплот
red;223;День за днем и каждое мгновенье
red;224;Благодатная скала мне спасение дает
red;225;Нашел опору я спасенья
red;226;Коль веры нет
red;227;О благодать! Спасен тобой
red;228;Кто Богу дни свои вверяет
red;229;Господь – мой Пастырь
red;230;Пока Христос со мною, врагов я не страшусь
red;231;Предай свое хожденье
red;232;Ничто, ничто не превзойдет
red;233;Веруем в Бога мы
red;234;Во всем, что совершаю
red;235;На Бога уповаю, когда я день встречаю
red;236;Бог древо жизни посадил
red;237;Пред троном Божьим
red;238;У милости Божьей в долгу
red;239;О Христе пою я
red;240;Плату за грех
red;241;О, моя отрада
red;242;Таков, как есть, без дел, без слов
red;243;Ищи везде – ни в ком, нигде…
red;244;Как не петь мне гимнов Богу!
red;245;Когда я на Тебя взираю
red;246;О Спаситель! Кто познает глубину Твоей любви?
red;247;Я на Агнца уповаю
red;248;Бывает, груз вины нас давит
red;249;Когда, отчаявшись в беде
red;250;И пусть другой идет искать
red;251;На Бога уповаю, на лик Его взираю
red;252;Живу прощением Христа
red;253;Стремлюсь всем сердцем воспевать
red;254;О, направь ко славе вышней
red;255;Боже, под кровом вечной любви
red;256;Всевышний Бог наш и Отец
red;257;Господь, в нас веру укрепи
red;258;Возьми меня отныне и впереди
red;259;Иисус, покров душе
red;260;Отец Небесный, наш Господь
red;261;Христос, Ты – Свет Божественный
red;262;Господь, услышь мое моленье
red;263;Отец Небесный, Бог Великий
red;264;О, приди, мой Бог и радость
red;265;Собравшись пред лицом Твоим
red;266;О Боже наш, благослови
red;267;О Господи, открой мне Твой путь
red;268;О Агнец Божий, Ты, пришедший с высоты
red;269;О Боже, мне внемли ради Христа
red;270;Всюду среди жизни сей
red;271;Иисус Преблагодатный
red;272;Хвалу Тебе, Отец, воздам
red;273;О Иегова, через волны, чрез пустыни нас веди
red;274;Бог, Создатель мой, будь всегда со мной
red;275;Жажду я, Спаситель мой, песнь воспеть Тебе хваленья
red;276;О Спаситель, через волны и пустыни нас веди
red;277;Всё в Божьей власти
red;278;Как могу я прийти
red;279;Услыши меня
red;280;Создатель неба звездного
red;281;Даруй нам Слова благодать
red;282;Пребудь в нас благодатью
red;283;Хочу везде и всюду я быть, Господь, Твоим
red;284;Господь Иисус, приди
red;285;Бесподобная, живая Божья вечная любовь
red;286;Будь Главою нам!
red;287;Ближе, Господь, к Тебе
red;288;О Господь, веди мой чёлн
red;289;Господи Всевышний, дай мне в этой жизни…
red;290;Благодарю Тебя, Христе
red;291;Молись, дитя
red;292;О всеблагой Иисус Христос
red;293;Будь милосерд, о Боже мой!
red;294;Научи меня, Боже, молиться
red;295;О щедрый Отче всех людей
red;296;О, Боже мой, восстанови мой падший дух
red;297;Я встану на колени
red;298;Иисус единственный, в сердце мое войди
red;299;Люблю, Господь, Твой дом
red;300;Дай мне силу, Бог Спаситель, веру твердо сохранить
red;301;Избавь, Спаситель, от беды
red;302;О, образ совершенный любви и чистоты!
red;303;Глаза свои к небу возвожу
red;304;Всех благ источник совершенный
red;305;В любви горячей возношу к Тебе я душу
red;306;Господь, Ты милостив
red;307;О Боже, дух наш успокой
red;308;Охрани, Господь, меня
red;309;О Иисус, блаженство наше!
red;310;Чистое сердце сотвори
red;311;Господи Боже, не оставь в забвенье
red;312;Ты благодатной силой и защитой
red;313;Кто знает час своей кончины?
red;314;Пред Твоим троном предстою я
red;315;В вере стой, народ Христа
red;316;Найдет ли здесь в мире душа кров родной
red;317;Любовь Твоя зовет нас
red;318;Все, кто крестились во Христа
red;319;Дух, вода и кровь взывают
red;320;Однажды я, приняв Крещенье
red;321;Предай всё в руки Бога
red;322;О Иисус, Ты – Царь царей
red;323;Блажен тот, кто себя вруча
red;324;Господь! Кто может пребывать
red;325;Отцы наши с верой трудились
red;326;Ради Христа оставлю грех
red;327;Пришло к нам снова лето
red;328;Я не оставлю Бога, ведь Он всегда со мной
red;329;Святая воля Божия свершается всё время
red;330;О, имя Иисуса! Нам так сладостно оно!
red;331;Христос – основа Церкви
red;332;В мире шумном и мятежном
red;333;Господь нам щит из рода в род
red;334;Любви святой дыханье
red;335;Нас Христос к Себе зовет
red;336;Я знаю, да, я знаю, что жив Спаситель мой
red;337;От всех небесных и земных
red;338;Иисуса глас услышал я
red;339;Ubi caritas
red;340;Мой Господь всегда со мною
red;341;Нам спасение – отрада
red;342;О человек, оплачь свой грех
red;343;Хочу любить Тебя, Предвечный
red;344;Неразделимы во Христе
red;345;Бог есть любовь
red;346;Живи во мне, Спаситель
red;347;День после ночи
red;348;Христос зовет: «За Мною вслед идите, Христиане»
red;349;Божьи дети днем и ночью
red;350;Возликуй, мой дух нетленный
red;351;Жив Христос, Спаситель мой
red;352;Бог создал мир, полный чудес
red;353;Приносим днем и ночью мы хвалу и поклонение
red;354;Хвала и честь Тебе, о Боже Отче!
red;355;Воскликни Богу, вся земля!
red;356;Мы будем в пенье прославлять
red;357;Сколь славен
red;358;Прославим Христа! Он спасение дал
red;359;О Триединый, неизменный
red;360;Тебе, Господь наш, честь мы воздаем
red;361;Славьте Бога со святыми
red;362;Мы Творцу Вселенной вознесем хвалу
red;363;Творенья Божьи на земле
red;364;Славь, душа, Творца и Бога!
red;365;Мы славим Тебя, наш Господь и Создатель
red;366;Господня вся земля
red;367;Весть о Христе мы в мир несем
red;368;Как велика Твоя верность
red;369;Великий Бог! Когда на мир сморю я
red;370;Руки к небу подняв
red;371;Миром Господа восславим!
red;372;Приди, Господь, и дрогнет враг
red;373;Дозволь же, о Создатель
red;374;Славьте, народы, Бога сил
red;375;Воздайте хвалу Владыке владык
red;376;Боже, славим мы Тебя
red;377;Господа славь ты, мой дух
red;378;Хвала и честь Царю Небес
red;379;Благодарные сердца, поспешите в дом Отца!
red;380;Славьте Царя Христа!
red;381;Любовь Господню прославляю
red;382;О, если б тысячью устами
red;383;Прими хвалу, благодаренье
red;384;Тебе, Создатель мой, хваленье
red;385;Воспойте песнь заветную
red;386;Хвала Тебе, Господь! Во тьме Ты солнцем ярким…
red;387;Хвали же Бога в песне
red;388;Да прославится Спаситель
red;389;Звучите, почести Творцу
red;390;Восхвалите Господа
red;391;Славьте, народы, Иисуса Христа
red;392;Исаия о видении изрек
red;393;Как лань желает
red;394;Весельем и песнями славьте
red;395;Нет ничего в целом мире прекрасней
red;396;Моя надежда навсегда
red;397;Дорогой земной дитя Божье идет
red;398;Библия мне говорит
red;399;У креста хочу стоять
red;400;Пусть Господь тебя всегда хранит
red;401;Боже, храни меня
red;402;Воспойте, сестры, воспойте, братья!
red;403;Пой аллилуйя Господу
red;404;Господу да будет слава
red;405;Христос воскрес и жив сейчас
red;406;Бог мой, Ты – скала моя
red;407;Мой Господь, когда я вновь явлюсь пред Тобой
red;408;Слово вечное пошли
red;409;Ты приди, Дух Святый
red;410;Я верю в Творца Вселенной
red;411;Я из глубины души к Тебе взываю
red;412;Ищите прежде Царства Божия
red;413;Он здесь, Он здесь
red;414;Много песен слышим о любви мы
red;415;Даже если б мог я горы двигать
red;416;На ладони Божьей
red;417;Бог Великий, Вседержитель
red;418;Вместе, брат и сестра
red;419;Даю вам ныне Я заповедь любви
red;420;Через моря
red;421;Ты не печалься
red;422;Намного раньше нас они здесь жили
red;423;Вновь пред Тобою в бессилье стою
red;424;Верю тебе, Боже
red;425;Открыта дверь для нас одна
red;426;Что за Друг у нас чудесный?
red;427;Дай мне хоть знак, Спаситель
red;428;Царь моих кратких дней земных
red;429;Скажи, Господь, что значит
red;430;В скорбях устремившись к святым небесам
red;431;Твердо я верю
red;432;Когда этот мир пройдет
red;433;Из-за своей злости ныне стонет земля
red;434;Однажды мое кантеле на небе зазвучит
red;435;Есть на небе обитель, где дети живут
red;436;Laudate, omnes gentes
red;437;Будьте здесь
red;438;На Тебя уповаю всякий день
red;439;Лишь в Господе найдет покой душа
red;440;Только в Господе моя радость
red;441;Тьма ночная
red;442;Не утомится в пути тот, кто горит любовью
red;443;Confitemini Domino
red;444;Adoramus te O Christe
red;445;Gloria, Gloria
red;446;Exaltabo te, Deus meus
red;447;In te confide
red;448;Magnificat
red;449;Laudate Dominum
red;450;Oculi nostri
red;451;С высот Своих с горы Синай
red;452;Мы в Бога веруем
red;453;О Отче наш на Небесах!
red;454;Пришел Господь на Иордан
red;455;Смертью смерть попрал
red;456;Из сердца глубины мой глас

youth;1;Осанна
youth;2;Эммануил
youth;3;В бедной пещере
youth;4;Хор Ангелов запел с небес
youth;5;Кто там вдали идёт?
youth;6;Мир так прекрасен
youth;7;Открыты небеса
youth;8;Тихая ночь, дивная ночь
youth;9;Тихий, тихий
youth;10;Рождество с тобой всегда
youth;11;Песня Ангелов
youth;12;Слава, Слава (С1юпа)
youth;13;В Рождество
youth;14;Когда встречаем Рождество
youth;15;О Христе пою я
youth;16;Совершилось!
youth;17;На кресте
youth;18;Крест на Голгофе
youth;19;Голгофская кровь
youth;20;Где найдётся грешным место?
youth;21;У окна размышляю
youth;22;Я пронзил Его
youth;23;Божья радость
youth;24;Всякий жаждущий
youth;25;Великий Бог
youth;26;Весельем и песнями славьте
youth;27;Иисус — Победитель!
youth;28;Воспойте, сестры, воспойте, братья
youth;29;Иисус, Твоя любовь...
youth;30;Восхвалите Господа Бога!
youth;31;Да будет слава
youth;32;Все придите песню споём
youth;33;Ныне воскрес наш Спаситель
youth;35;Кресту Твоему поклоняемся
youth;36;Пойте Богу новую песнь
youth;37;Наш Господь победу совершил
youth;38;Пойте Господу
youth;39;От Востока до Запада
youth;40;Пой аллилуйя Господу
youth;41;Руки к небу подняв
youth;42;Слава, слава, слава
youth;43;Приди‚ Творец
youth;44;Славит вся земля
youth;45;Реки воды живой
youth;46;Сияй, Иисус, сияй
youth;47;Славьте Господа, ибо Он благ
youth;48;Славьте, народы (канон)
youth;49;Только в Господе моя радость
youth;50;Тьма ночная
youth;51;Тебя мы славим
youth;52;Ты создал мир
youth;53;Хвала Тебе, наш Господь
youth;54;Хвалите, все народы
youth;55;Хвалите Господа
youth;56;Церковь Христова, возликуй!
youth;57;Я буду вечно воспева
youth;58;Христос воскрес
youth;59;Бог мой, ТЫ - скала моя
youth;60;Вечная сила
youth;61;Господи Боже
youth;62;Духом Твои
youth;63;Голосом слабым
youth;64;К Господу Богу
youth;65;Благослови детей
youth;66;Возьми меня отныне
youth;67;Благослови моих друзей
youth;68;Отче, смиряюсь
youth;69;Будущность я нашёл
youth;70;Земля пустынна и безводна
youth;71;Кого же мне бояться?
youth;72;Из сада райского изгнанник
youth;73;Не оставь
youth;74;Как могу я прийти
youth;75;Как лань желает
youth;76;Ох, трудно как любить
youth;77;Красота Иисуса
youth;78;Лишь в Господе найдёт
youth;79;Прихожу к Тебе
youth;80;Слово вечное
youth;81;Перед Тобой склоняюсь я
youth;82;Разбитые крылья
youth;83;Прости меня, Боже
youth;84;Ты приди, Дух Святый
youth;85;Услыши меня
youth;86;Скажи мне
youth;87;Я верю в Творца Вселенной
youth;88;Если расцвела в душе
youth;89;Твоим заветам буду верен
youth;90;Улетают года
youth;91;Я из глубины души
youth;92;Я хочу с Тобой поговорить
youth;93;Я зову Тебя, Боже
youth;94;Я песнь пою тебе, Иерусалим
youth;95;Благословляю тебя
youth;96;С днем рождения
youth;97;Вижу опять огни вдали
youth;98;Ищите прежде Царства Божия
youth;99;Вставай на борьбу
youth;100;Даром
youth;101;Если ты верен
youth;102;Мама, папа
youth;103;Снова говорю о Нём
youth;104;Любовь Христа
youth;105;Огонь
youth;106;Что такое любовь?
youth;107;Нет ничего в целом мире
youth;108;Все могут прийти
youth;109;О, приди ко мне, Спаситель
youth;110;Плату за грех
youth;111;Через хлеб и вино
youth;112;А мы вам мира желаем
youth;113;Где любовь и мир
youth;114;Как во тьме
youth;115;Ты бодрствуешь
youth;116;Бога легко искать
youth;117;Он здесь
youth;118;Вера детства
youth;119;Даже если 6 мог я горы двигать
youth;120;Не поворачивай назад
youth;121;На ладони Божьей
youth;122;Слышишь ли?
youth;123;Слушай, Израиль
youth;124;Что за друга мы имеем?
youth;125;Так много раз
youth;126;Ближе, Господь, к Тебе
youth;127;Бог любит всех людей
youth;128;Бог Великий
youth;129;Вместе, брат и сестра
youth;130;Заповедь любви
youth;131;Дар веры
youth;132;День за днём
youth;133;Небо запоёт однажды
youth;134;Евангелие
youth;135;Последние события
youth;136;Где-то вдалеке
youth;137;Скоро, очень скоро
youth;138;Через моря
youth;139;Тебя я жду, гряди, мой Боже
youth;140;Ты не печалься
youth;141;Со слезами сеяли
youth;142;Твердо я верю
youth;143;Из пепла восстанет
youth;144;Боже! Во тьме этой жизни
youth;145;Идите, расскажите
youth;146;Хочу жить
youth;147;Как птенцов